Wave,Week,week_start_date,interpolated,nQ16_r1,nQ16_r2,nQ16_r3,nQ16_r4,nQ16_r5,nQ16_r6,nQ16_r7,nQ16_r8,nQ16_r9,nQ16_r10,nQ16_r11,nQ16_r12,nQ16_r13,nQ16_r14,nQ16_r15,nQ16_r16,tQ18_0_0,nQ23_0_0,nQ23_1_0,nQ23_2_0,nQ23_3_0,nQ23_4_0,nQ23_5_0,nQ23_6_0,nQ23_7_0,nQ23_8_0,nQ23_9_0,nQ23_10_0,nQ23_11_0,nQ23_12_0,nQ23_13_0,PAQ_nakupovani,PAQ_park_mesto,PAQ_MHD,PAQ_HO,PAQ_partHO,PAQ_work,Contacts,,Fear,Median
1,10,02.03.2020,0,0.357681979096325,0.821252977149628,0.794444249816377,0.30917525229528,0.26896870712188,0.593625751413176,0.064216941391783,0.080492862290485,0.029204083974452,0.126859165131508,0.163258599076697,0.04143429434714,NA,NA,NA,NA,22.3556425396767,0.761163121717211,0.893153076658691,0.873315832344392,0.897491557421522,0.678271871111402,0.619077811690317,0.77521693606887,0.555950102813455,0.638838060620814,0.86711576770978,0.558049186919762,0.534204288555938,0.005871466517405,0.005871466517405,,,,,,,22.35564254,,0.5,10
1,11,09.03.2020,0,0.275711732399067,0.737257146725051,0.682716387402164,0.19021388767253,0.197608510689941,0.465589749127943,0.046956113224032,0.023306819066539,0.012633690046187,0.064373118880118,0.086574307928733,0.024821531872639,NA,NA,NA,NA,16.5838520318341,0.761163121717211,0.893153076658691,0.873315832344392,0.897491557421522,0.678271871111402,0.619077811690317,0.77521693606887,0.555950102813455,0.638838060620814,0.86711576770978,0.558049186919762,0.534204288555938,0.005871466517405,0.005871466517405,0.74,,0.28,,,,16.58385203,,,10
2,12,16.03.2020,0,0.140578117942409,0.726308589850869,0.62308342913999,0.029700935965301,0.131291277822573,0.395710363750959,0.019730512553596,NA,NA,0.011130931424882,0.045224763330277,0.014439304549586,0.1692876697651,0.044884213474452,NA,NA,8.17043580956965,0.756781333208466,0.854813222254233,0.956101753346581,0.891645994328562,0.70455974557767,0.608849682015891,0.783848029082995,0.540230740666341,0.64382216508776,0.851018662932477,0.564897782045808,0.43765585018617,0.005442129030861,0.669673665362332,0.705,0.06,0.19,0.200692386815113,0.11,0.57,8.17043581,,0.5,4
2,13,23.03.2020,0,0.099797605003073,0.671649873632915,0.514642678942127,0.009114507627936,0.095677810114525,0.328370238254673,NA,NA,NA,NA,0.027629403986962,0.007277249426529,0.12315232765667,0.035325866280015,NA,NA,7.1799369324668,0.756781333208466,0.854813222254233,0.956101753346581,0.891645994328562,0.70455974557767,0.608849682015891,0.783848029082995,0.540230740666341,0.64382216508776,0.851018662932477,0.564897782045808,0.43765585018617,0.005442129030861,0.669673665362332,0.67,0.12,0.1,0.215346564881007,0.1,0.51,7.179936932,,,3
3,14,30.03.2020,0,0.148724814450945,0.709958307227699,0.557865480477694,0.016063920368598,0.121820752636881,0.398545755777249,0.039711139820944,NA,NA,0.013591324233322,0.036892659847123,0.012767360314665,0.169016407203535,0.066841587435063,NA,NA,9.56271458673022,0.713911429060027,0.822887151809427,0.946245528077228,0.86320813171497,0.763345280825406,0.569894497410055,0.743093703654058,0.52001900527251,0.63369860051504,0.812515370312464,0.502511615468366,0.441628710032193,0.013472396909196,0.543962689453892,0.67,0.13,0.115,0.222466810607303,0.11,0.52,9.562714587,,0.38,4
3,15,06.04.2020,0,0.127252400598674,0.67161082045135,0.519796084368366,0.017643096325772,0.102092869764421,0.399583195042625,0.035274690274372,NA,NA,0.013827578610545,0.023608179314985,0.015656576266424,0.135875922799495,0.061339259606697,NA,NA,9.34525019193559,0.713911429060027,0.822887151809427,0.946245528077228,0.86320813171497,0.763345280825406,0.569894497410055,0.743093703654058,0.52001900527251,0.63369860051504,0.812515370312464,0.502511615468366,0.441628710032193,0.013472396909196,0.543962689453892,0.67,0.14,0.13,0.227332421155836,0.11,0.51,9.345250192,,,5
4,16,13.04.2020,0,0.151650103573917,0.710167112462176,0.61645624976648,0.026289468917241,0.130301467557457,0.471070058697441,0.059194127249931,NA,NA,0.018609776457701,0.043951072262795,0.014880026038643,0.229582015282801,0.096946793571762,NA,NA,10.7712450991547,0.661463219414725,0.78490988990838,0.946299253750576,0.83492667823116,0.765190786150476,0.555730394154942,0.704842964662453,0.499322724912679,0.609560432694745,0.772186679160758,0.465409431757705,0.428178206333865,0.012595713651964,0.41826762887356,0.69,0.17,0.14,0.210078386925919,0.11,0.53,10.7712451,,0.31,5
4,17,20.04.2020,0,0.145945561964525,0.710716353560224,0.581548721129079,0.027187254331112,0.132920234314611,0.478516734015327,0.063904888510066,NA,NA,0.022819694417753,0.044672954434739,0.014504831827394,0.197778268273546,0.081344664446139,NA,NA,11.1137815925763,0.661463219414725,0.78490988990838,0.946299253750576,0.83492667823116,0.765190786150476,0.555730394154942,0.704842964662453,0.499322724912679,0.609560432694745,0.772186679160758,0.465409431757705,0.428178206333865,0.012595713651964,0.41826762887356,0.71,0.2,0.15,0.194553899828854,0.13,0.55,11.11378159,,,5
5,18,27.04.2020,0,0.187278282731906,0.757923962915649,0.662737445104401,0.051243491338818,0.170025976821864,0.554541001237578,0.094874087241109,NA,NA,0.039216631136597,0.05697950210749,0.016222775637819,0.27755281076459,0.120087394275375,0.009615080188175,0.04344552207034,12.841879184464,0.660099946474653,0.747766610736529,0.937479360547814,0.793834133238144,0.76877485975,0.513030162505014,0.665752408258669,0.4792775173305,0.570891840330459,0.733035056118502,0.439257473473293,0.408225329481868,0.013741590887639,0.344430430013608,0.72,0.22,0.17,0.184823940469549,0.11,0.6,12.84187918,,0.26,6
5,19,04.05.2020,0,0.192183382015783,0.732049894186226,0.61847454661474,0.061048542809431,0.16172997814941,0.5821528740664,0.091764047239749,NA,NA,0.045089422752865,0.055110358257743,0.015003705392552,0.243910799125416,0.117792791457982,0.010562537579941,0.047188933218787,13.5227244772591,0.660099946474653,0.747766610736529,0.937479360547814,0.793834133238144,0.76877485975,0.513030162505014,0.665752408258669,0.4792775173305,0.570891840330459,0.733035056118502,0.439257473473293,0.408225329481868,0.013741590887639,0.344430430013608,0.73,0.24,0.19,0.152940819194648,0.11,0.65,13.52272448,,,7
6,20,11.05.2020,0,0.257520619405677,0.780902155427978,0.688276382873716,0.168306124981371,0.216708365001903,0.625074914952108,0.100431442736304,0.014184801153169,NA,0.059488689341333,0.098066057931675,0.02207828223843,0.300955170645346,0.137716639115958,0.011177080144496,0.046247373807054,15.5718517190913,0.628108890491892,0.692777122067837,0.88414742873288,0.704149760113684,0.770108278114019,0.499521509038996,0.608133317060378,0.45070626203409,0.549436285931913,0.704602831929786,0.423058778960713,0.428759027841463,0.018263170573359,0.253850582592702,0.745,0.25,0.22,0.130539872999278,0.09,0.69,15.57185172,,0.25,10
6,21,18.05.2020,0,0.250926036386208,0.765680185244896,0.669809979776618,0.218536774652876,0.224882008184859,0.591035501577127,0.093232051260656,0.024744269764298,NA,0.065115249820421,0.093196033706603,0.022006477685983,0.261473548525521,0.111253593429116,0.00827625847451,NA,16.7320685957619,0.628108890491892,0.692777122067837,0.88414742873288,0.704149760113684,0.770108278114019,0.499521509038996,0.608133317060378,0.45070626203409,0.549436285931913,0.704602831929786,0.423058778960713,0.428759027841463,0.018263170573359,0.253850582592702,0.76,0.26,0.25,0.121802797041034,0.09,0.7,16.7320686,,,10
7,22,25.05.2020,0,0.303235746024402,0.811202642559788,0.730055025717164,0.31319272777416,0.286966878529438,0.682239487224633,0.120160513131228,0.037361952661751,NA,0.08891242129973,0.124354161112975,0.0266843578322,0.331937882103577,0.159765718258712,0.014218985818759,0.083070491952287,18.7480606878852,0.581051474393907,0.590191544112123,0.771930590156451,0.607249208776721,0.724310146076668,0.467151291413065,0.516936412877876,0.423705032050018,0.507367939415409,0.665701030505034,0.401111063922179,0.438465770566103,0.040896097589414,0.177914094396214,0.785,0.275,0.275,0.104860163806031,0.09,0.77,18.74806069,,0.21,10
7,23,01.06.2020,0,0.303939775501349,0.812474431284325,0.723867669318795,0.360784151827645,0.257635460737474,0.642946343188166,0.134629705679907,0.048405643435788,NA,0.090799145559189,0.124493018832765,0.028462772178422,0.293439037257287,0.136262920713929,0.019097631070079,NA,20.1054991652142,0.581051474393907,0.590191544112123,0.771930590156451,0.607249208776721,0.724310146076668,0.467151291413065,0.516936412877876,0.423705032050018,0.507367939415409,0.665701030505034,0.401111063922179,0.438465770566103,0.040896097589414,0.177914094396214,0.81,0.29,0.3,0.096582888674803,0.08,0.79,20.10549917,,,10
8,24,08.06.2020,0,0.384928653400291,0.844476936044058,0.779768214696807,0.432569027620966,0.368398185739029,0.709462001468707,0.166160418697382,0.077696141643441,0.032548935983149,0.108263063386294,0.205480058253174,0.048905253028399,0.404829332903481,0.190374850275614,0.026464586140863,0.134114731075001,22.556463427283,0.55689868468114,0.526723137803956,0.712500139779636,0.55273920376214,0.687297647032889,0.448139371617622,0.474122890178692,0.397966674883273,0.479735886397168,0.652233168507828,0.388700712182398,0.452251905457345,0.038761791710637,0.139272747414444,0.816666667,0.31,0.323333333,0.083193357753739,0.075,0.8,22.55646343,,0.21,15
8,25,15.06.2020,0,0.365713254689026,0.826552834362511,0.770710851523661,0.445639616892221,0.314620110515887,0.690810997410495,0.157509855074217,0.079754751861139,0.035088717464633,0.10312787609472,0.185175822591923,0.043233667356638,0.354769493653044,0.16272199018502,0.033906963747165,0.129812913541995,23.8578664685323,0.55689868468114,0.526723137803956,0.712500139779636,0.55273920376214,0.687297647032889,0.448139371617622,0.474122890178692,0.397966674883273,0.479735886397168,0.652233168507828,0.388700712182398,0.452251905457345,0.038761791710637,0.139272747414444,0.823333333,0.33,0.346666667,0.080591561085601,0.07,0.82,23.85786647,,,14
9,26,22.06.2020,1,0.362655429347119,0.836326585303837,0.783090448552213,0.463090833367157,0.306599900926583,0.705948352629258,0.194320905412889,0.079452036482436,0.035379138685432,0.101464692655187,0.209892171647751,0.048576800253151,0.392281273089283,0.177911132559388,0.034912162767685,0.126222446017215,23.2596970275061,0.556748453752592,0.519146851573045,0.499490152573974,0.522351404848654,0.666286551524339,0.450454024696787,0.458947607243942,0.386517006090129,0.459707097194754,0.633331134676867,0.370780747317367,0.442872055702563,0.051352655461399,0.136258570124213,0.83,0.35,0.37,0.079736211970265,0.06,0.81,23.25969703,,0.27,14
9,27,29.06.2020,0,0.359597604005212,0.846100336245162,0.795470045580764,0.480542049842094,0.298579691337278,0.721085707848021,0.231131955751561,0.079149321103733,0.035669559906231,0.099801509215654,0.23460852070358,0.053919933149664,0.429793052525523,0.193100274933756,0.035917361788204,0.122631978492436,22.6615275864799,0.556598222824045,0.511570565342133,0.286480165368312,0.491963605935169,0.64527545601579,0.452768677775952,0.443772324309191,0.375067337296986,0.439678307992339,0.614429100845905,0.352860782452336,0.433492205947781,0.06394351921216,0.133244392833981,0.823333333,0.353333333,0.363333333,0.078880862854929,0.06,0.78,22.66152759,,,
9,28,06.07.2020,0,0.349982274670987,0.812864712715547,0.778162571694208,0.485989099146443,0.267835183931579,0.65662353007793,0.223389979057696,0.066860862295769,NA,0.095289909375489,0.214819291134764,0.04829911663265,0.362089505522452,0.165833453611194,0.037823858717177,0.113713837905248,22.9311643980083,0.556598222824045,0.511570565342133,0.286480165368312,0.491963605935169,0.64527545601579,0.452768677775952,0.443772324309191,0.375067337296986,0.439678307992339,0.614429100845905,0.352860782452336,0.433492205947781,0.06394351921216,0.133244392833981,0.816666667,0.356666667,0.356666667,0.068357495144671,0.06,0.74,22.9311644,,,15
10,29,13.07.2020,1,0.355356422601527,0.818111863164747,0.78038877336808,0.492557001454922,0.284412148463047,0.668342925058414,0.236260307220334,0.072453252782417,#VALUE!,0.099496017074477,0.235539842039149,0.049939235633562,0.378656677013652,0.180600742360924,0.043050431607221,0.122469414232013,22.5026174980569,0.550629907495198,0.521977048198851,0.298338127782934,0.503689835076798,0.63713787132052,0.446677246212579,0.440555137681875,0.378682439654635,0.42864278054459,0.60613126489451,0.349452456582059,0.425785579652543,0.065158041003115,0.132109434273301,0.81,0.36,0.35,0.072801783947862,0.06,0.72,22.5026175,,0.23,15
10,30,20.07.2020,0,0.360730570532066,0.823359013613947,0.782614975041952,0.4991249037634,0.300989112994515,0.680062320038897,0.249130635382972,0.078045643269065,0.029861344603782,0.103702124773464,0.256260392943535,0.051579354634474,0.395223848504852,0.195368031110654,0.048277004497264,0.131224990558778,22.0740705981055,0.54466159216635,0.532383531055569,0.310196090197556,0.515416064218427,0.62900028662525,0.440585814649206,0.437337951054559,0.382297542012284,0.417607253096841,0.597833428943114,0.346044130711781,0.418078953357305,0.06637256279407,0.130974475712621,0.8,0.35,0.343333333,0.077246072751052,0.06,0.7,22.0740706,,,
10,31,27.07.2020,0,0.327186426456364,0.77525533481977,0.746787467834091,0.484132772380431,0.241054970991732,0.623298321411383,0.231922155385685,0.080972401722477,0.028258320816759,0.093374354680229,0.233096242599965,0.042365576169427,0.334547150332744,0.166954286350471,0.044739258553474,0.119635131145399,21.8755701256825,0.54466159216635,0.532383531055569,0.310196090197556,0.515416064218427,0.62900028662525,0.440585814649206,0.437337951054559,0.382297542012284,0.417607253096841,0.597833428943114,0.346044130711781,0.418078953357305,0.06637256279407,0.130974475712621,0.79,0.34,0.336666667,0.075857253994672,0.06,0.67,21.87557013,,,14
11,32,03.08.2020,1,0.345065976712885,0.799746037143901,0.769507877689914,0.480570985504773,0.276832289150245,0.655638288052429,0.233414749001012,0.090218571275559,#VALUE!,0.094143999299482,0.241723747483568,0.049112157928019,0.351703354957166,0.175314008834581,0.042181961032934,0.123572552367105,22.0447462049368,0.554634056300745,0.547015357731621,0.319642008052462,0.519163947465469,0.639972965256908,0.429136821111053,0.435064323075481,0.385899828641312,0.430245225043272,0.593794753539111,0.354125257747092,0.426857068166009,0.064258652870718,0.12727062011726,0.78,0.33,0.33,0.078966980409779,0.06,0.65,22.0447462,,0.28,12
11,33,10.08.2020,0,0.362945526969407,0.824236739468031,0.792228287545736,0.477009198629114,0.312609607308759,0.687978254693475,0.234907342616339,0.099464740828641,NA,0.094913643918735,0.250351252367172,0.055858739686611,0.368859559581588,0.183673731318691,0.039624663512393,0.127509973588811,22.2139222841911,0.564606520435139,0.561647184407672,0.329087925907368,0.522911830712511,0.650945643888565,0.4176878275729,0.432790695096402,0.38950211527034,0.442883196989703,0.589756078135107,0.362206384782404,0.435635182974712,0.062144742947365,0.123566764521898,0.786666667,0.323333333,0.333333333,0.082076706824885,0.06,0.69,22.21392228,,,
11,34,17.08.2020,0,0.341891188243572,0.796989407382691,0.774371874261441,0.470792861324028,0.268343066952295,0.637484157840891,0.205537477967373,0.105878585003589,0.042182903630672,0.09001152615213,0.23359843687706,0.044268004683585,0.309998334951005,0.170136506290865,0.034110827262225,0.122657637351371,23.1348655694268,0.564606520435139,0.561647184407672,0.329087925907368,0.522911830712511,0.650945643888565,0.4176878275729,0.432790695096402,0.38950211527034,0.442883196989703,0.589756078135107,0.362206384782404,0.435635182974712,0.062144742947365,0.123566764521898,0.793333333,0.316666667,0.336666667,0.077188017682661,0.06,0.72,23.13486557,,,15
12,35,24.08.2020,1,0.354823814638746,0.814984044349162,0.783917906944384,0.454851848446495,0.283446816940766,0.64585702734461,0.1790737601675,0.108871518463781,0.043701031306545,0.094023030873872,0.232565999776646,0.047637735334639,0.328213017474675,0.166826614637187,0.035893310468804,0.12426288579839,23.3073677991473,0.570915308566654,0.556371649231938,0.554133675054251,0.541681804900727,0.674568196270833,0.439571431716364,0.440327534519836,0.406585261698071,0.454600280260136,0.598423740769405,0.370069461486298,0.434409033560113,0.055712072428205,0.140248407500285,0.8,0.31,0.34,0.080033835553778,0.07,0.74,23.3073678,,0.36,15
12,36,31.08.2020,0,0.367756441033921,0.832978681315632,0.793463939627327,0.438910835568962,0.298550566929237,0.654229896848329,0.152610042367626,0.111864451923972,0.045219158982417,0.098034535595614,0.231533562676233,0.051007465985692,0.346427699998344,0.163516722983509,0.037675793675383,0.125868134245408,23.4798700288679,0.57722409669817,0.551096114056204,0.779179424201133,0.560451779088943,0.6981907486531,0.461455035859828,0.44786437394327,0.423668408125802,0.466317363530568,0.607091403403703,0.377932538190192,0.433182884145514,0.049279401909044,0.156930050478672,0.8,0.3,0.345,0.082879653424894,0.07,0.82,23.47987003,,,15
12,37,07.09.2020,0,0.347442753284745,0.798176857177598,0.766444673147169,0.427282509668831,0.260341225247413,0.617720201029882,0.145362155741532,0.105090940844306,0.038532055271616,0.101174040746571,0.223381152935367,0.040626979963167,0.290806354673051,0.149645814245688,0.028412584284682,0.105054594348968,23.7492882304467,0.57722409669817,0.551096114056204,0.779179424201133,0.560451779088943,0.6981907486531,0.461455035859828,0.44786437394327,0.423668408125802,0.466317363530568,0.607091403403703,0.377932538190192,0.433182884145514,0.049279401909044,0.156930050478672,0.8,0.29,0.35,0.075684136955884,0.08,0.81,23.74928823,,,15
13,38,14.09.2020,0,0.342247604112895,0.817874790195478,0.774233134825566,0.391176911849413,0.290273893512984,0.623463225132467,0.14693767596142,0.102672783857328,0.043019715753526,0.108878678931916,0.211173718635528,0.044231960821241,0.3037016335319,0.139337414974081,0.0293133417982,0.10310004075913,22.6904639407832,0.554185567615239,0.573645498894093,0.822346112445681,0.577726429778837,0.699591574256477,0.443843320249228,0.461099063916812,0.468741968997065,0.445396919558555,0.611733535928897,0.375752856634553,0.435206177829901,0.033590125198893,0.178777282227306,0.785,0.27,0.34,0.092393357398338,0.08,0.79,22.69046394,,0.33,12
13,39,21.09.2020,0,0.328511096166236,0.766984386930244,0.748561207439102,0.36319473031599,0.262064672768627,0.59577712123881,0.109712878214436,0.075973034805351,0.028826869606205,0.095371008581042,0.198322586954172,0.031649132809647,0.24558954949379,0.11064947062684,0.022698777889401,0.100770499788748,21.8988533608168,0.554185567615239,0.573645498894093,0.822346112445681,0.577726429778837,0.699591574256477,0.443843320249228,0.461099063916812,0.468741968997065,0.445396919558555,0.611733535928897,0.375752856634553,0.435206177829901,0.033590125198893,0.178777282227306,0.77,0.25,0.33,0.094805094059127,0.08,0.78,21.89885336,,,12
14,40,28.09.2020,0,0.350589590839454,0.796761593007191,0.781606568068452,0.352142141371194,0.283565857483462,0.613376612048509,0.081902014287357,0.070206897676059,0.029404017036383,0.102331276617906,0.185241365439748,0.046650176178281,0.29207445530652,0.132344501524281,0.020145229260622,0.070649878236223,21.1176849424528,0.571338552605476,0.639275168552372,0.85990897254277,0.652579812184189,0.721915582666929,0.486624333639908,0.495937575956401,0.512836470035538,0.51184436337401,0.651672246823889,0.396150460589087,0.45083025521268,0.028663107266299,0.248331069836167,0.77,0.245,0.325,0.089267492786357,0.06,0.8,21.11768494,,0.45,11
14,41,05.10.2020,0,0.322435071779707,0.765035490749964,0.735756577722493,0.317869917222403,0.261988373600707,0.525228400114762,0.073975506899128,0.04662470283037,NA,0.080932328088277,0.162611165889099,0.038441357048275,0.235962360190755,0.103990604246315,0.018223759363424,0.060194030686307,19.8917408136904,0.571338552605476,0.639275168552372,0.85990897254277,0.652579812184189,0.721915582666929,0.486624333639908,0.495937575956401,0.512836470035538,0.51184436337401,0.651672246823889,0.396150460589087,0.45083025521268,0.028663107266299,0.248331069836167,0.77,0.24,0.32,0.100643852056698,0.08,0.79,19.89174081,,,10
15,42,12.10.2020,0,0.265007738757378,0.771404142806404,0.736171778579026,0.099410863586849,0.244116542565074,0.524706140536728,0.052126517157654,NA,NA,0.022362551731164,0.105888800421324,0.022052100865031,0.232895168765746,0.102672205488335,0.016572106327386,0.027013649218431,15.8962215431531,0.609622745043111,0.715267875316212,0.891673960902738,0.719173132424417,0.746010905591243,0.546683131671918,0.573886772017935,0.568774510893246,0.517723780152453,0.664254175754422,0.411493323980662,0.424623531569322,0.023302249852005,0.392970047994591,0.747329569441842,0.214698330634353,0.270190548306301,0.146251925377871,0.0796,0.728,15.8962215431531,,0.48,9
15,43,19.10.2020,0,0.220381096612601,0.724659138883685,0.689130519178962,0.034234602721738,0.201406764727116,0.463128319208255,0.05172200401964,NA,NA,0.01540471184826,0.083116580624922,0.019869176157107,0.189396661268706,0.095182438945557,0.017325211710416,0.014882568341264,14.5218023625341,0.609622745043111,0.715267875316212,0.891673960902738,0.719173132424417,0.746010905591243,0.546683131671918,0.573886772017935,0.568774510893246,0.517723780152453,0.664254175754422,0.411493323980662,0.424623531569322,0.023302249852005,0.392970047994591,0.724659138883685,0.189396661268706,0.220381096612601,0.160753272076951,0.0893,0.6897,14.5218023625341,,,7
16,44,26.10.2020,0,0.230929481481032,0.742078567790151,0.713574287382691,0.023376014667846,0.207906503737004,0.520289350005909,0.052050911676577,NA,NA,0.014784336951471,0.092438932670592,0.027624617194661,0.221881486595944,0.106260453628071,0.016678447923183,0.02915494277498,13.265306319,0.600480262875474,0.681032390243539,0.889526375498719,0.714997794472018,0.729859196447988,0.544198459185661,0.580164435555512,0.565259050643881,0.513738326339829,0.666308192082983,0.430240969007341,0.433254088946886,0.020898214795805,0.374163173121638,0.734277506444464,0.190522893040004,0.224257418327925,0.163825463923238,0.088,0.6541,13.265306319,,0.43,9
16,45,02.11.2020,0,0.228133740043249,0.743895874005242,0.698463972132799,0.01530705172613,0.197775945004969,0.489772239703448,0.046080926497757,NA,NA,0.011987193557043,0.085858555159463,0.020202552209022,0.191649124811303,0.084963431931664,NA,NA,12.916212232574,0.600480262875474,0.681032390243539,0.889526375498719,0.714997794472018,0.729859196447988,0.544198459185661,0.580164435555512,0.565259050643881,0.513738326339829,0.666308192082983,0.430240969007341,0.433254088946886,0.020898214795805,0.374163173121638,0.743895874005242,0.191649124811303,0.228133740043249,0.161296724858888,0.088,0.6633,12.916212232574,,,6
17,46,09.11.2020,0,0.248314341863467,0.749654474041766,0.74402354146574,0.029186369452722,0.228153152223208,0.558078344754634,0.0454794262877,NA,NA,0.015469745727223,0.091634224353531,0.021547511842479,0.222308785593953,0.087115657711283,0.014542703967756,0.028430882426271,14.2759108529858,0.580671686960706,0.671272868893886,0.882379053067593,0.689283442186731,0.725974176753409,0.539304517163213,0.558845416010375,0.560603007799364,0.49439572651352,0.637448049250188,0.392116777073119,0.438805677406436,0.027420609440224,0.334345956045289,0.742969906274916,0.196616059183083,0.235440330751784,0.157211433324635,0.0934,0.6694,14.2759108529858,,0.39,7
17,47,16.11.2020,0,0.242746921460319,0.742043938544589,0.718686768855976,0.02770424009842,0.20609286593229,0.540984006260036,0.055644862052174,NA,NA,0.010514802722141,0.082754278434484,0.021501254471375,0.201582993554863,0.078426973291305,0.013240414290585,0.03020694453307,14.4355160344621,0.580671686960706,0.671272868893886,0.882379053067593,0.689283442186731,0.725974176753409,0.539304517163213,0.558845416010375,0.560603007799364,0.49439572651352,0.637448049250188,0.392116777073119,0.438805677406436,0.027420609440224,0.334345956045289,0.742043938544589,0.201582993554863,0.242746921460319,0.153813497973524,0.0976,0.6694,14.4355160344621,,,8
18,48,23.11.2020,0,0.276942216083761,0.772990389410805,0.742105362152134,0.049910810581296,0.239006590822296,0.566724869167476,0.043346153021004,NA,NA,0.018067177679377,0.097797153419505,0.023039078301916,0.206282121530833,0.073705569164191,0.012388102794889,0.037315851162142,14.8908635403767,0.573489926088618,0.641589018799534,0.862601417004789,0.653514999776451,0.720165935523373,0.530331806935542,0.536508715866404,0.542570700272868,0.468511572780018,0.627530994326112,0.389452500643735,0.425647199426458,0.034390311794728,0.281681222217804,0.772990389410805,0.206282121530833,0.276942216083761,0.132189604282113,0.081378431781318,0.718976106936212,14.8908635403767,,0.41,8
18,49,30.11.2020,0,0.284673522763442,0.759420603065592,0.71382626854269,0.168872561569979,0.239201032493105,0.572610913529597,0.056462663383396,NA,NA,0.042353661710635,0.119033241308278,0.019405041410757,0.200051555921153,0.060644744882058,0.012780282252747,0.040693382936841,15.9811744063256,0.573489926088618,0.641589018799534,0.862601417004789,0.653514999776451,0.720165935523373,0.530331806935542,0.536508715866404,0.542570700272868,0.468511572780018,0.627530994326112,0.389452500643735,0.425647199426458,0.034390311794728,0.281681222217804,0.759420603065592,0.200051555921153,0.284673522763442,0.130773084582951,0.087427123334754,0.736579852500304,15.9811744063256,,,10
19,50,07.12.2020,0,0.285871327716674,0.791669866609974,0.749007546632828,0.227355459689313,0.256883832394054,0.594010568552266,0.056434907820494,NA,NA,0.054896645677641,0.140333483548703,0.034333636685934,0.212547752028697,0.063949556912551,0.013322737054262,0.042997079461628,16.1411169692591,0.567289930931163,0.635494270320033,0.865102348787218,0.664087085132803,0.717472884330704,0.516281137270281,0.541894900484246,0.565052476018063,0.4952301278128,0.624115103414285,0.390868451854461,0.426945196043471,0.036833006915718,0.304873038254414,0.791669866609974,0.212547752028697,0.285871327716674,0.125929087446922,0.08089815175401,0.74721429037313,16.1411169692591,,0.45,9
19,51,14.12.2020,0,0.275909373981703,0.779476001598572,0.746457769635987,0.194097142595414,0.225550890397641,0.549473515135293,0.049548116843621,NA,NA,0.046755136493916,0.14285747189394,0.03015428203808,0.192654050557023,0.056243536115992,0.012908442327458,0.04227332074001,16.1613272936655,0.567289930931163,0.635494270320033,0.865102348787218,0.664087085132803,0.717472884330704,0.516281137270281,0.541894900484246,0.565052476018063,0.4952301278128,0.624115103414285,0.390868451854461,0.426945196043471,0.036833006915718,0.304873038254414,0.779476001598572,0.192654050557023,0.275909373981703,0.132074552405212,0.088464750714969,0.720141800930795,16.1613272936655,,,9
20,52,21.12.2020,0,0.232769729887909,0.736561157134305,0.736007496405842,0.040140166408804,0.153166486181269,0.709628101136546,0.068722573131176,NA,NA,0.018012563007129,0.096421439480627,0.029335259640708,0.232701742248267,0.069385817507738,0.015455112905595,0.06440485030635,13.3482993430417,0.576339025029401,0.641432977414204,0.855447597601061,0.644475851265513,0.702534658937529,0.531663134915187,0.544646294876434,0.559744708755878,0.472798863692506,0.607552432018201,0.396316510609585,0.430986761058037,0.032852780910975,0.341574404620583,0.703800978402454,0.194778701906836,0.222502716449377,0.106825786528603,0.104060108457678,0.495946672892111,13.3482993430417,,0.45,8
20,53,28.12.2020,0,0.169096058917052,0.628125955206337,0.619107493011839,0.019546048490736,0.080212314524327,0.618337781066187,0.075113303577427,NA,NA,0.011721308019189,0.060280139256583,0.02141717574237,0.196903353256649,0.064104431494555,0.01288470700668,0.047286704927701,9.11788861439116,0.576339025029401,0.641432977414204,0.855447597601061,0.644475851265513,0.702534658937529,0.531663134915187,0.544646294876434,0.559744708755878,0.472798863692506,0.607552432018201,0.396316510609585,0.430986761058037,0.032852780910975,0.341574404620583,0.628125955206337,0.196903353256649,0.169096058917052,0.086577283032121,0.044109378749406,0.341194817644736,9.11788861439116,,,5
21,1,04.01.2021,1,0.20700345816797,0.690641910760639,0.673075371145382,0.020800112103685,0.151264223648524,0.586352667514452,0.060197670294644,NA,NA,0.011890467749668,0.077656892440117,0.022193700806424,0.198684705853862,0.063658177860363,0.008690081445518,0.036103191702571,11.3648014838407,0.575491517712157,0.638919023356972,0.857827043138932,0.642622054050727,0.705573665910737,0.525242139952587,0.541705892782951,0.56610575866597,0.474440537475375,0.613941495512683,0.393925089501198,0.431123441134852,0.033399282761709,0.337264609780094,1.62193200314038,0.198684705853862,0.20700345816797,0.111116167593906,0.063034702188852,0.527645697290753,11.3648014838407,,0.45,5
21,2,11.01.2021,0,0.244910857418889,0.753157866314942,0.727043249278924,0.022054175716635,0.222316132772721,0.554367553962716,0.045282037011861,NA,0.005684127883867,0.012059627480146,0.095033645623652,0.022970225870477,0.200466058451076,0.063211924226171,0.004495455884356,0.02491967847744,13.6117143532902,0.574644010394913,0.636405069299739,0.860206488676803,0.640768256835941,0.708612672883945,0.518821144989987,0.538765490689468,0.572466808576062,0.476082211258244,0.620330559007164,0.391533668392811,0.431260121211667,0.033945784612443,0.332954814939604,2.61573805107442,0.200466058451076,0.244910857418889,0.13565505215569,0.081960025628299,0.71409657693677,13.6117143532902,,,6
21,3,18.01.2021,0,0.237533937256955,0.714007898997222,0.711727400391172,0.025191136529809,0.222878065976596,0.531822882937879,0.050569185769269,NA,NA,0.015095110891413,0.093878103352349,0.024599410878031,0.193222941982066,0.058466964711295,0.007908589461077,0.020052034155225,13.3445471357993,0.574644010394913,0.636405069299739,0.860206488676803,0.640768256835941,0.708612672883945,0.518821144989987,0.538765490689468,0.572466808576062,0.476082211258244,0.620330559007164,0.391533668392811,0.431260121211667,0.033945784612443,0.332954814939604,2.61573805107442,0.193222941982066,0.237533937256955,0.13333192048067,0.08362576347291,0.709227481301337,13.3445471357993,,,6
,4,,,,,,,,,,,,,,,,,,,13.1722735678997,,,,,,,,,,,,,,,,,,,,,,,0.46,
,5,,,,,,,,,,,,,,,,,,,13,,,,,,,,,,,,,,,,,,,,,,,,
,6,,,,,,,,,,,,,,,,,,,13,,,,,,,,,,,,,,,,,,,,,,,,
,7,,,,,,,,,,,,,,,,,,,13,,,,,,,,,,,,,,,,,,,,,,,,
,8,,,,,,,,,,,,,,,,,,,13,,,,,,,,,,,,,,,,,,,,,,,,
,9,,,,,,,,,,,,,,,,,,,10,,,,,,,,,,,,,,,,,,,,,,,,
,10,,,,,,,,,,,,,,,,,,,,,,,,,,,,,,,,,,,,,,,,,,,
,11,,,,,,,,,,,,,,,,,,,,,,,,,,,,,,,,,,,,,,,,,,,
,12,,,,,,,,,,,,,,,,,,,,,,,,,,,,,,,,,,,,,,,,,,,
,13,,,,,,,,,,,,,,,,,,,,,,,,,,,,,,,,,,,,,,,,,,,
,14,,,,,,,,,,,,,,,,,,,,,,,,,,,,,,,,,,,,,,,,,,,
,15,,,,,,,,,,,,,,,,,,,,,,,,,,,,,,,,,,,,,,,,,,,
,16,,,,,,,,,,,,,,,,,,,,,,,,,,,,,,,,,,,,,,,,,,,
,17,,,,,,,,,,,,,,,,,,,,,,,,,,,,,,,,,,,,,,,,,,,
,18,,,,,,,,,,,,,,,,,,,,,,,,,,,,,,,,,,,,,,,,,,,
,19,,,,,,,,,,,,,,,,,,,,,,,,,,,,,,,,,,,,,,,,,,,
,20,,,,,,,,,,,,,,,,,,,,,,,,,,,,,,,,,,,,,,,,,,,
,21,,,,,,,,,,,,,,,,,,,,,,,,,,,,,,,,,,,,,,,,,,,
,22,,,,,,,,,,,,,,,,,,,,,,,,,,,,,,,,,,,,,,,,,,,
,23,,,,,,,,,,,,,,,,,,,,,,,,,,,,,,,,,,,,,,,,,,,
,24,,,,,,,,,,,,,,,,,,,,,,,,,,,,,,,,,,,,,,,,,,,
,25,,,,,,,,,,,,,,,,,,,,,,,,,,,,,,,,,,,,,,,,,,,
,26,,,,,,,,,,,,,,,,,,,,,,,,,,,,,,,,,,,,,,,,,,,
,27,,,,,,,,,,,,,,,,,,,,,,,,,,,,,,,,,,,,,,,,,,,
,28,,,,,,,,,,,,,,,,,,,,,,,,,,,,,,,,,,,,,,,,,,,
,29,,,,,,,,,,,,,,,,,,,,,,,,,,,,,,,,,,,,,,,,,,,
,30,,,,,,,,,,,,,,,,,,,,,,,,,,,,,,,,,,,,,,,,,,,
,31,,,,,,,,,,,,,,,,,,,,,,,,,,,,,,,,,,,,,,,,,,,
,32,,,,,,,,,,,,,,,,,,,,,,,,,,,,,,,,,,,,,,,,,,,
,33,,,,,,,,,,,,,,,,,,,,,,,,,,,,,,,,,,,,,,,,,,,
,34,,,,,,,,,,,,,,,,,,,,,,,,,,,,,,,,,,,,,,,,,,,
,35,,,,,,,,,,,,,,,,,,,,,,,,,,,,,,,,,,,,,,,,,,,
,36,,,,,,,,,,,,,,,,,,,,,,,,,,,,,,,,,,,,,,,,,,,
,37,,,,,,,,,,,,,,,,,,,,,,,,,,,,,,,,,,,,,,,,,,,
,38,,,,,,,,,,,,,,,,,,,,,,,,,,,,,,,,,,,,,,,,,,,
,39,,,,,,,,,,,,,,,,,,,,,,,,,,,,,,,,,,,,,,,,,,,
,40,,,,,,,,,,,,,,,,,,,,,,,,,,,,,,,,,,,,,,,,,,,
,41,,,,,,,,,,,,,,,,,,,,,,,,,,,,,,,,,,,,,,,,,,,
,42,,,,,,,,,,,,,,,,,,,,,,,,,,,,,,,,,,,,,,,,,,,
,43,,,,,,,,,,,,,,,,,,,,,,,,,,,,,,,,,,,,,,,,,,,
,44,,,,,,,,,,,,,,,,,,,,,,,,,,,,,,,,,,,,,,,,,,,
,45,,,,,,,,,,,,,,,,,,,,,,,,,,,,,,,,,,,,,,,,,,,
,46,,,,,,,,,,,,,,,,,,,,,,,,,,,,,,,,,,,,,,,,,,,
,47,,,,,,,,,,,,,,,,,,,,,,,,,,,,,,,,,,,,,,,,,,,
,48,,,,,,,,,,,,,,,,,,,,,,,,,,,,,,,,,,,,,,,,,,,
,49,,,,,,,,,,,,,,,,,,,,,,,,,,,,,,,,,,,,,,,,,,,
,50,,,,,,,,,,,,,,,,,,,,,,,,,,,,,,,,,,,,,,,,,,,
,51,,,,,,,,,,,,,,,,,,,,,,,,,,,,,,,,,,,,,,,,,,,
,52,,,,,,,,,,,,,,,,,,,,,,,,,,,,,,,,,,,,,,,,,,,
